id;first_name;last_name;gender;email;phone;address_line_1;address_line_2;city;country
1;Maynard;Jacobson;OTHER;"*;_jk2@&_T[.4Vnr^7";026.954.0023 x96261;Berkshire Designer;Credit Card Account;Lake Friedrichberg;Dominican Republic
2;Monroe;Schmitt;FEMALE;"S5v@BG.Kc^gc(";1-516-085-3620;Buckinghamshire Future-proofed deposit;Quality;West Joseph;United Arab Emirates
3;Rodolfo;Conn;OTHER;"7@5h.i=e#O";955-522-9098 x59861;even-keeled Saint Helena Pound;Internal AI optical;Rowenaton;United Arab Emirates
4;Carolyne;Schaden;OTHER;"(zPL@P.a>Ak";1-546-469-2170;Bedfordshire;navigate;Nataliehaven;Puerto Rico
5;Madyson;Hackett;FEMALE;"Hm@xsf.'y^";348.964.7356 x56481;sensor;Alaska;Nolantown;China
6;Zane;Weimann;FEMALE;"X@R.=Snc";959.980.2331 x823;Pants Maryland;calculating Intranet Ergonomic Concrete Soap;Yesseniaborough;Burundi
7;Deonte;Larson;OTHER;"D{$o`7@elk0.%rB/v";228.482.8690 x505;digital deposit;extend Unbranded Fresh Pants Tools;Aureliaview;Moldova
8;Margarete;Bashirian;FEMALE;"^N""'@~ijy7[.:N^";200-833-5135;compress lavender Investment Account;backing up;South Hankmouth;Peru
9;Lourdes;Conn;MALE;"j2#;Z@i.9T)vK";1-020-190-8466 x4019;ROI;Benin;Christfurt;United Arab Emirates
10;Dusty;Nienow;OTHER;"UgxG<@[<9(.R>";710.310.0003;Developer Shoes Music;Buckinghamshire Hollow Shoes;New Granville;Aruba
